fixed acidity,volatile acidity,citric acid,residual sugar,chlorides,free sulfur dioxide,total sulfur dioxide,density,pH,sulphates,alcohol,quality
7.2,0.38,0.31,2.0,0.056000000000000000,15.0,29.0,0.99472,3.23,0.76,11.3
7.4,0.25,0.29,2.2,0.054000000000000000,19.0,49.0,0.99666,3.4,0.76,10.9
6.7,0.855,0.02,1.9,0.064,29.0,38.0,0.99472,3.3,0.56,10.75
8.0,0.39,0.3,1.9,0.07400000000000000,32.0,84.0,0.9971700000000000,3.39,0.61,9.0
5.6,0.62,0.03,1.5,0.08,6.0,13.0,0.99498,3.66,0.62,10.1
7.1,0.875,0.05,5.7,0.08200000000000000,3.0,14.0,0.99808,3.4,0.52,10.2
